,TB_base_volume,TB_quote_volume
0,1629236.53,7827117.228935
1,960488.14,4587088.56912
2,692153.1,3420048.439007
3,684460.83,3586066.202157
4,1508594.92,9508341.711694
5,1306556.37,8366883.931228
6,573413.66,3604347.785559
7,711150.35,4014645.941468
8,650343.25,3420868.857438
9,600185.41,3379276.29523
